{
  "Peaks for /Users/emraan.adem/Documents/GitHub/Adeptrix/Radx_data_8_24/Mutants/Sample Stuff/SF_220913_220014_0354_CS_TR_Samp 1_0_C2_1.txt": {
    "Clear Peaks": [
      [
        881.99,
        1681,
        5.501368978835604,
        "Clear Peak"
      ],
      [
        906.94,
        7833,
        2.9766771598527515,
        "Clear Peak"
      ],
      [
        1321.58,
        43096,
        3.032108009853754,
        "Clear Peak"
      ],
      [
        1640.07,
        5768,
        3.9167458280876026,
        "Clear Peak"
      ],
      [
        1792.6,
        5577,
        10.02910345138439,
        "Clear Peak"
      ],
      [
        1996.31,
        4749,
        6.4789603711175054,
        "Clear Peak"
      ],
      [
        2401.6,
        15306,
        "Null",
        "Clear Peak"
      ],
      [
        2421.22,
        16088,
        6.905167796621203,
        "Clear Peak"
      ],
      [
        2707.78,
        10213,
        2.199774135873966,
        "Clear Peak"
      ],
      [
        2876.03,
        10610,
        8.286784136576511,
        "Clear Peak"
      ],
      [
        2892.49,
        7565,
        2.332466773981301,
        "Clear Peak"
      ],
      [
        3017.82,
        1097,
        3.862975329933018,
        "Clear Peak"
      ],
      [
        3055.27,
        2699,
        2.9474958141521923,
        "Clear Peak"
      ],
      [
        3173.54,
        1859,
        2.3696291919101165,
        "Clear Peak"
      ],
      [
        3463.0,
        1353,
        "Null",
        "Clear Peak"
      ],
      [
        4835.45,
        2556,
        3.532408954859997,
        "Clear Peak"
      ]
    ],
    "Questionable Peaks": [],
    "Highly Questionable Peaks": [
      [
        1709.7,
        60820,
        2.008594964329982,
        "Highly Questionable"
      ]
    ]
  },
  "Peaks for /Users/emraan.adem/Downloads/9_27_22-2/SF_220927_220014_0354_CS_TR_Samp 1_5k_0_C8_1.txt": {
    "Clear Peaks": [
      [
        794.198,
        2029.0,
        -2.9317234848491935,
        "Clear Peak"
      ],
      [
        972.022,
        3389.0,
        8.314151125994615,
        "Clear Peak"
      ],
      [
        987.773,
        1729.0,
        7.4611351073681,
        "Clear Peak"
      ],
      [
        1810.185,
        1439.0,
        10.11034028303404,
        "Clear Peak"
      ],
      [
        1854.014,
        1651.0,
        4.084357822476611,
        "Clear Peak"
      ],
      [
        2421.238,
        2739.0,
        23.88045438301696,
        "Clear Peak"
      ],
      [
        2430.418,
        1687.0,
        5.160828589180204,
        "Clear Peak"
      ],
      [
        2877.339,
        2344.0,
        5.17928218689625,
        "Clear Peak"
      ]
    ],
    "Questionable Peaks": [
      [
        951.903,
        6577.0,
        2.8946989029017614,
        "Questionable"
      ],
      [
        1322.626,
        5502.0,
        2.639319740606701,
        "Questionable"
      ],
      [
        2408.153,
        12966.0,
        2.7111393906655685,
        "Questionable"
      ]
    ],
    "Highly Questionable Peaks": [
      [
        998.624,
        1064.0,
        "Null",
        "Highly Questionable"
      ],
      [
        1207.496,
        736.0,
        "Null",
        "Highly Questionable"
      ],
      [
        1294.777,
        1029.0,
        "Null",
        "Highly Questionable"
      ],
      [
        1328.909,
        935.0,
        "Null",
        "Highly Questionable"
      ],
      [
        1567.256,
        2016.0,
        "Null",
        "Highly Questionable"
      ],
      [
        1958.536,
        358.0,
        "Null",
        "Highly Questionable"
      ],
      [
        1976.237,
        538.0,
        "Null",
        "Highly Questionable"
      ],
      [
        2687.661,
        7470.0,
        2.3076808956094723,
        "Highly Questionable"
      ],
      [
        2884.489,
        355.0,
        "Null",
        "Highly Questionable"
      ],
      [
        3125.449,
        418.0,
        "Null",
        "Highly Questionable"
      ]
    ]
  },
  "Peaks for /Users/emraan.adem/Downloads/9_27_22-2/SF_220927_220014_0354_CS_TR_Samp 2_5k_0_C9_1.txt": {
    "Clear Peaks": [
      [
        1958.536,
        575,
        "Null",
        "Clear Peak"
      ],
      [
        1641.239,
        3848,
        8.992823521036025,
        "Clear Peak"
      ],
      [
        1794.379,
        4583,
        216.01782159329437,
        "Clear Peak"
      ],
      [
        1854.587,
        5575,
        5.612930576787502,
        "Clear Peak"
      ],
      [
        2387.293,
        8543,
        6.949197632921352,
        "Clear Peak"
      ],
      [
        2421.893,
        4185,
        35.96416021746933,
        "Clear Peak"
      ],
      [
        2709.108,
        9365,
        3.26230325194696,
        "Clear Peak"
      ],
      [
        2877.339,
        2461,
        5.730923122533881,
        "Clear Peak"
      ],
      [
        2893.797,
        1170,
        2.15091600718527,
        "Clear Peak"
      ],
      [
        3445.407,
        1230,
        3.093123458454892,
        "Clear Peak"
      ],
      [
        4838.383,
        1057,
        "Clear Peak"
      ],
      [
        5893.79,
        3504,
        "Clear Peak"
      ],
      [
        5919.437,
        1596,
        "Clear Peak"
      ]
    ],
    "Questionable Peaks": [],
    "Highly Questionable Peaks": []
  },
  "Peaks for /Users/emraan.adem/Downloads/9_27_22-2/SF_220927_220014_0354_CS_TR_Samp 1_5k_0_C8_1.txtedited.txt": {
    "Clear Peaks": [
      [
        794.198,
        2029.0,
        -2.9317234848491935,
        "Clear Peak"
      ],
      [
        972.022,
        3389.0,
        8.314151125994615,
        "Clear Peak"
      ],
      [
        987.773,
        1729.0,
        7.4611351073681,
        "Clear Peak"
      ],
      [
        1810.185,
        1439.0,
        10.11034028303404,
        "Clear Peak"
      ],
      [
        1854.014,
        1651.0,
        4.084357822476611,
        "Clear Peak"
      ],
      [
        2421.238,
        2739.0,
        23.88045438301696,
        "Clear Peak"
      ],
      [
        2430.418,
        1687.0,
        5.160828589180204,
        "Clear Peak"
      ],
      [
        2877.339,
        2344.0,
        5.17928218689625,
        "Clear Peak"
      ]
    ],
    "Questionable Peaks": [
      [
        951.903,
        6577.0,
        2.8946989029017614,
        "Questionable"
      ],
      [
        1322.626,
        5502.0,
        2.639319740606701,
        "Questionable"
      ],
      [
        2408.153,
        12966.0,
        2.7111393906655685,
        "Questionable"
      ]
    ],
    "Highly Questionable Peaks": [
      [
        998.624,
        1064.0,
        "Null",
        "Highly Questionable"
      ],
      [
        1207.496,
        736.0,
        "Null",
        "Highly Questionable"
      ],
      [
        1294.777,
        1029.0,
        "Null",
        "Highly Questionable"
      ],
      [
        1328.909,
        935.0,
        "Null",
        "Highly Questionable"
      ],
      [
        1567.256,
        2016.0,
        "Null",
        "Highly Questionable"
      ],
      [
        1958.536,
        358.0,
        "Null",
        "Highly Questionable"
      ],
      [
        1976.237,
        538.0,
        "Null",
        "Highly Questionable"
      ],
      [
        2687.661,
        7470.0,
        2.3076808956094723,
        "Highly Questionable"
      ],
      [
        2884.489,
        355.0,
        "Null",
        "Highly Questionable"
      ],
      [
        3125.449,
        418.0,
        "Null",
        "Highly Questionable"
      ]
    ]
  },